date,recorded_error_events,complete_day,environment_scope
2026-07-06,19113,false,all
2026-07-07,24012,true,all
2026-07-08,20186,true,all
2026-07-09,18996,true,all
2026-07-10,19756,true,all
2026-07-11,23024,true,all
2026-07-12,23245,true,all
2026-07-13,16295,true,all
2026-07-14,15949,true,all
2026-07-15,16897,true,all
2026-07-16,15846,true,all
2026-07-17,17738,true,all
2026-07-18,16197,true,all
2026-07-19,17393,true,all
2026-07-20,10078,true,all
2026-07-21,7617,true,all
2026-07-22,9141,true,all
2026-07-23,6265,true,all
2026-07-24,9794,true,all
2026-07-25,8768,true,all
2026-07-26,10718,true,all
2026-07-27,8498,true,all
2026-07-28,8371,true,all
2026-07-29,5913,true,all
2026-07-30,5496,true,all
2026-07-31,5007,true,all
2026-08-01,4590,true,all
2026-08-02,5165,true,all
2026-08-03,4218,true,all
2026-08-04,4651,true,all
2026-08-05,4593,true,all
2026-08-06,4182,true,all
2026-08-07,3842,true,all
2026-08-08,4780,true,all
2026-08-09,4634,true,all
2026-08-10,4177,true,all
2026-08-11,3653,true,all
2026-08-12,4288,true,all
2026-08-13,4385,true,all
2026-08-14,5033,true,all
2026-08-15,5656,true,all
2026-08-16,4126,true,all
2026-08-17,3445,true,all
2026-08-18,4120,true,all
2026-08-19,4262,true,all
2026-08-20,4618,true,all
2026-08-21,5010,true,all
2026-08-22,4141,true,all
2026-08-23,5675,true,all
2026-08-24,3831,true,all
2026-08-25,4252,true,all
2026-08-26,4041,true,all
2026-08-27,5122,true,all
2026-08-28,4364,true,all
2026-08-29,5519,true,all
2026-08-30,4933,true,all
2026-08-31,4120,true,all
2026-09-01,5575,true,all
2026-09-02,2856,true,all
2026-09-03,3542,true,all
2026-09-04,4435,true,all
2026-09-05,3839,true,all
2026-09-06,4728,true,all
2026-09-07,3747,true,all
2026-09-08,4707,true,all
2026-09-09,4024,true,all
2026-09-10,3937,true,all
2026-09-11,5324,true,all
2026-09-12,5981,true,all
2026-09-13,6254,true,all
2026-09-14,6468,true,all
2026-09-15,6111,true,all
2026-09-16,5340,true,all
2026-09-17,4087,true,all
2026-09-18,7077,true,all
2026-09-19,5791,true,all
2026-09-20,8333,true,all
2026-09-21,4433,true,all
2026-09-22,8013,true,all
2026-09-23,4019,true,all
2026-09-24,4336,true,all
2026-09-25,5115,true,all
2026-09-26,5466,true,all
2026-09-27,5764,true,all
2026-09-28,5162,true,all
2026-09-29,4156,true,all
2026-09-30,4189,true,all
2026-10-01,3847,true,all
2026-10-02,5941,true,all
2026-10-03,4155,true,all
